iteration_no,link_id,internal_from_node_id,internal_to_node_id,volume,ref_volume,capacity,D,doc,fftt,travel_time,VDF_alpha,VDF_beta,VDF_plf,speed,VMT,VHT,PMT,PHT,VHT_QVDF,PHT_QVDF,geometry,mod_vol_sov,P,t0,t2,t3,vt2,mu,Q_gamma,free_speed,cutoff_speed,congestion_ref_speed,avg_queue_speed,avg_QVDF_period_speed,Severe_Congestion_P,spd_07:00,spd_07:05,spd_07:10,spd_07:15,spd_07:20,spd_07:25,spd_07:30,spd_07:35,spd_07:40,spd_07:45,spd_07:50,spd_07:55,
20,139,2,1,7500.0000,0.0000,7000.0000,1875.0000,1.0714,0.9514,0.9516,0.1280,4.9600,1.0000,69.9870,8325.000000,118.950697,8325.000000,118.950697,187.150788,187.150788,"LINESTRING (-112.1326826 33.4619887, -112.0326826 33.4619887)",7500.000000,1.089317,6.955341,7.500000,8.044659,39.239674,1721.261580,558.987075,70.000000,52.500000,52.500000,44.482848,44.482848,0.000000,52.065,49.616,46.370,43.369,41.092,39.704,39.240,39.704,41.092,43.369,46.370,49.616,
20,84,3,2,5500.0000,0.0000,7000.0000,1375.0000,0.7857,0.9771,0.9772,0.1280,4.9600,1.0000,69.9972,6270.000000,89.575007,6270.000000,89.575007,111.026755,111.026755,"LINESTRING (-112.2326826 33.4619887, -112.1326826 33.4619887)",5500.000000,0.741529,7.129235,7.500000,7.870765,48.948108,1750.000000,1119.920548,70.000000,52.500000,56.250000,54.154177,56.472874,0.000000,70.000,61.134,55.943,53.860,51.371,49.582,48.948,49.582,51.371,53.860,55.943,61.134,
20,78,4,3,6500.0000,0.0000,7000.0000,1625.0000,0.9286,0.8914,0.8915,0.1280,4.9600,1.0000,69.9936,6760.000000,96.580264,6760.000000,96.580264,133.936692,133.936692,"LINESTRING (-112.3326826 33.4619887, -112.2326826 33.4619887)",6500.000000,0.912202,7.043899,7.500000,7.956101,45.018832,1750.000000,606.997733,70.000000,52.500000,53.750000,49.374047,50.471606,0.000000,70.000,53.466,51.579,49.091,46.918,45.504,45.019,45.504,46.918,49.091,51.579,53.466,
20,137,5,4,8500.0000,0.0000,7000.0000,2125.0000,1.2143,1.1143,1.1147,0.1280,4.9600,1.0000,69.9758,11050.000000,157.911780,11050.000000,157.911780,281.050159,281.050159,"LINESTRING (-112.4326826 33.4619887, -112.3326826 33.4619887)",8500.000000,1.272207,6.863896,7.500000,8.136104,32.234315,1670.325211,635.296263,70.000000,52.500000,52.500000,39.316825,39.316825,0.416667,48.085,43.571,39.449,36.220,33.973,32.663,32.234,32.663,33.973,36.220,39.449,43.571,
