node_id,zone_id,x_coord,y_coord
1,1,-112.0326826,33.4619887
2,2,-112.1326826,33.4619887
3,3,-112.2326826,33.4619887
4,4,-112.3326826,33.4619887
5,5,-112.4326826,33.4619887
